<?xml version="1.0"?>
<pagescount>
	<html_total>2</html_total>
	<html_done>1</html_done>
	<images>109</images>
	<script>6</script>
	<css>1</css>
	<pdf/>
	<documents/>
	<excel/>
	<powerpoint/>
	<flash/>
	<audios/>
	<videos>14</videos>
	<xml/>
	<json/>
	<txt/>
	<autocad/>
	<fonts>7</fonts>
	<scraping_reload>1</scraping_reload>
	<is_pretty_url>false</is_pretty_url>
	<has_trailing_slash>false</has_trailing_slash>
	<is_ebn>false</is_ebn>
	<email>stephenatere9@gmail.com</email>
	<theme_name>WmdTheme813083</theme_name>
	<server_url_front_page>https://www6.waybackmachinedownloader.com/wdo/files/demo/samuel-medvedowsky.com_stephenatere9_gmail.com_mnujpkw0ol/</server_url_front_page>
	<no_www_url>samuel-medvedowsky.com</no_www_url>
	<hosted_domain/>
	<original_archive_url>https://www.samuel-medvedowsky.com/</original_archive_url>
	<final_archive_url>https://www.samuel-medvedowsky.com/</final_archive_url>
	<front_page_code_date/>
	<total_urls_from_api/>
	<max_reached_live>false</max_reached_live>
	<scrape_other_captures>false</scrape_other_captures>
	<total_size>64908</total_size>
</pagescount>
